{
  "candidates": [
    {
      "content": {
        "parts": [
          {
            "function_call": {
              "name": "submit",
              "args": {}
            }
          }
        ],
        "role": "model"
      },
      "finish_reason": 1,
      "avg_logprobs": -0.2114129662513733,
      "safety_ratings": [],
      "token_count": 0,
      "grounding_attributions": []
    }
  ],
  "usage_metadata": {
    "prompt_token_count": 15443,
    "candidates_token_count": 1,
    "total_token_count": 15444,
    "cached_content_token_count": 0
  },
  "token_totals": {
    "prompt": 198898,
    "candidates": 9914,
    "total": 208812,
    "cached": 0
  },
  "timing": {
    "response_time": 1.420387,
    "total_elapsed": 102.688069,
    "response_times": [
      9.433659,
      10.258408,
      9.3608,
      15.478113,
      1.561184,
      10.666129,
      1.670791,
      1.526008,
      5.961066,
      1.771686,
      1.529024,
      7.588829,
      1.561537,
      7.799883,
      2.298184,
      1.422959,
      7.895635,
      2.304466,
      1.420387
    ]
  }
}