{
  "candidates": [
    {
      "content": {
        "parts": [
          {
            "function_call": {
              "name": "submit",
              "args": {}
            }
          }
        ],
        "role": "model"
      },
      "finish_reason": 1,
      "avg_logprobs": -0.0534680001437664,
      "safety_ratings": [],
      "token_count": 0,
      "grounding_attributions": []
    }
  ],
  "usage_metadata": {
    "prompt_token_count": 11326,
    "candidates_token_count": 1,
    "total_token_count": 11327,
    "cached_content_token_count": 0
  },
  "token_totals": {
    "prompt": 108968,
    "candidates": 6121,
    "total": 115089,
    "cached": 0
  },
  "timing": {
    "response_time": 1.126301,
    "total_elapsed": 60.788586,
    "response_times": [
      7.335321,
      7.640273,
      5.650116,
      8.455166,
      8.141443,
      1.260535,
      2.883166,
      1.188916,
      4.742571,
      1.145685,
      4.316828,
      1.178187,
      4.652125,
      1.126301
    ]
  }
}