{
  "candidates": [
    {
      "content": {
        "parts": [
          {
            "function_call": {
              "name": "set_range",
              "args": {
                "row2": 1.0,
                "row1": 1.0,
                "column1": 1.0,
                "column2": 3.0,
                "color": 2.0
              }
            }
          }
        ],
        "role": "model"
      },
      "finish_reason": 1,
      "avg_logprobs": -0.03534272313117981,
      "safety_ratings": [],
      "token_count": 0,
      "grounding_attributions": []
    }
  ],
  "usage_metadata": {
    "prompt_token_count": 16092,
    "candidates_token_count": 12,
    "total_token_count": 16104,
    "cached_content_token_count": 0
  },
  "token_totals": {
    "prompt": 183114,
    "candidates": 10278,
    "total": 193392,
    "cached": 0
  },
  "timing": {
    "response_time": 11.660043,
    "total_elapsed": 106.612259,
    "response_times": [
      12.315872,
      11.739975,
      9.421302,
      15.748376,
      9.763557,
      1.522941,
      6.760737,
      4.96261,
      2.01668,
      3.108573,
      4.800326,
      2.639591,
      3.831179,
      4.279443,
      11.660043
    ]
  }
}