{
  "candidates": [
    {
      "content": {
        "parts": [
          {
            "function_call": {
              "name": "submit",
              "args": {}
            }
          }
        ],
        "role": "model"
      },
      "finish_reason": 1,
      "avg_logprobs": -0.25148695707321167,
      "safety_ratings": [],
      "token_count": 0,
      "grounding_attributions": []
    }
  ],
  "usage_metadata": {
    "prompt_token_count": 18676,
    "candidates_token_count": 1,
    "total_token_count": 18677,
    "cached_content_token_count": 0
  },
  "token_totals": {
    "prompt": 159030,
    "candidates": 7289,
    "total": 166319,
    "cached": 0
  },
  "timing": {
    "response_time": 1.565142,
    "total_elapsed": 119.869961,
    "response_times": [
      4.168154,
      4.050354,
      3.564734,
      2.230349,
      41.262066,
      1.18355,
      40.035859,
      1.758517,
      1.767273,
      9.136352,
      1.887482,
      1.505173,
      4.662609,
      1.565142
    ]
  }
}