{
  "candidates": [
    {
      "content": {
        "parts": [
          {
            "function_call": {
              "name": "set_pixel",
              "args": {
                "color": 4.0,
                "column": 1.0,
                "row": 3.0
              }
            }
          }
        ],
        "role": "model"
      },
      "finish_reason": 1,
      "avg_logprobs": -0.03091433395942052,
      "safety_ratings": [],
      "token_count": 0,
      "grounding_attributions": []
    }
  ],
  "usage_metadata": {
    "prompt_token_count": 18432,
    "candidates_token_count": 6,
    "total_token_count": 18438,
    "cached_content_token_count": 0
  },
  "token_totals": {
    "prompt": 177054,
    "candidates": 11580,
    "total": 188634,
    "cached": 0
  },
  "timing": {
    "response_time": 1.971124,
    "total_elapsed": 106.796314,
    "response_times": [
      13.01096,
      15.760135,
      14.44224,
      10.306012,
      17.735367,
      1.56556,
      6.903362,
      1.514803,
      6.432785,
      1.699312,
      6.215285,
      1.805844,
      6.206177,
      1.971124
    ]
  }
}