{
  "candidates": [
    {
      "content": {
        "parts": [
          {
            "function_call": {
              "name": "set_pixel",
              "args": {
                "color": 4.0,
                "column": 6.0,
                "row": 6.0
              }
            }
          }
        ],
        "role": "model"
      },
      "finish_reason": 1,
      "avg_logprobs": -0.05546767512957255,
      "safety_ratings": [],
      "token_count": 0,
      "grounding_attributions": []
    }
  ],
  "usage_metadata": {
    "prompt_token_count": 21810,
    "candidates_token_count": 6,
    "total_token_count": 21816,
    "cached_content_token_count": 0
  },
  "token_totals": {
    "prompt": 297741,
    "candidates": 13486,
    "total": 311227,
    "cached": 0
  },
  "timing": {
    "response_time": 2.228192,
    "total_elapsed": 130.587076,
    "response_times": [
      13.01096,
      15.760135,
      14.44224,
      10.306012,
      17.735367,
      1.56556,
      6.903362,
      1.514803,
      6.432785,
      1.699312,
      6.215285,
      1.805844,
      6.206177,
      1.971124,
      4.146136,
      1.642599,
      6.402593,
      1.804002,
      7.0348,
      2.228192
    ]
  }
}