{
  "candidates": [
    {
      "content": {
        "parts": [
          {
            "function_call": {
              "name": "set_pixel",
              "args": {
                "color": 4.0,
                "column": 7.0,
                "row": 6.0
              }
            }
          }
        ],
        "role": "model"
      },
      "finish_reason": 1,
      "avg_logprobs": -0.013270191848278046,
      "safety_ratings": [],
      "token_count": 0,
      "grounding_attributions": []
    }
  ],
  "usage_metadata": {
    "prompt_token_count": 23039,
    "candidates_token_count": 6,
    "total_token_count": 23045,
    "cached_content_token_count": 0
  },
  "token_totals": {
    "prompt": 342803,
    "candidates": 14225,
    "total": 357028,
    "cached": 0
  },
  "timing": {
    "response_time": 2.232695,
    "total_elapsed": 139.823997,
    "response_times": [
      13.01096,
      15.760135,
      14.44224,
      10.306012,
      17.735367,
      1.56556,
      6.903362,
      1.514803,
      6.432785,
      1.699312,
      6.215285,
      1.805844,
      6.206177,
      1.971124,
      4.146136,
      1.642599,
      6.402593,
      1.804002,
      7.0348,
      2.228192,
      6.819979,
      2.232695
    ]
  }
}