{
  "candidates": [
    {
      "content": {
        "parts": [
          {
            "function_call": {
              "name": "set_range",
              "args": {
                "row2": 8.0,
                "color": 7.0,
                "column2": 8.0,
                "row1": 6.0,
                "column1": 6.0
              }
            }
          }
        ],
        "role": "model"
      },
      "finish_reason": 1,
      "avg_logprobs": -0.008959303299585978,
      "safety_ratings": [],
      "token_count": 0,
      "grounding_attributions": []
    }
  ],
  "usage_metadata": {
    "prompt_token_count": 27460,
    "candidates_token_count": 12,
    "total_token_count": 27472,
    "cached_content_token_count": 0
  },
  "token_totals": {
    "prompt": 442264,
    "candidates": 17671,
    "total": 459935,
    "cached": 0
  },
  "timing": {
    "response_time": 2.434612,
    "total_elapsed": 172.025246,
    "response_times": [
      13.01096,
      15.760135,
      14.44224,
      10.306012,
      17.735367,
      1.56556,
      6.903362,
      1.514803,
      6.432785,
      1.699312,
      6.215285,
      1.805844,
      6.206177,
      1.971124,
      4.146136,
      1.642599,
      6.402593,
      1.804002,
      7.0348,
      2.228192,
      6.819979,
      2.232695,
      6.605248,
      2.306866,
      20.372493,
      2.434612
    ]
  }
}