{
  "candidates": [
    {
      "content": {
        "parts": [
          {
            "function_call": {
              "name": "submit",
              "args": {}
            }
          }
        ],
        "role": "model"
      },
      "finish_reason": 1,
      "avg_logprobs": -0.19270262122154236,
      "safety_ratings": [],
      "token_count": 0,
      "grounding_attributions": []
    }
  ],
  "usage_metadata": {
    "prompt_token_count": 19486,
    "candidates_token_count": 1,
    "total_token_count": 19487,
    "cached_content_token_count": 0
  },
  "token_totals": {
    "prompt": 257337,
    "candidates": 12850,
    "total": 270187,
    "cached": 0
  },
  "timing": {
    "response_time": 12.031112,
    "total_elapsed": 142.035548,
    "response_times": [
      14.094266,
      16.560778,
      17.294672,
      17.837559,
      9.313582,
      1.367124,
      6.853357,
      11.992768,
      1.826827,
      5.911855,
      2.674436,
      1.545565,
      8.05547,
      3.200426,
      2.557065,
      5.374898,
      2.2263,
      12.031112
    ]
  }
}