{
  "candidates": [
    {
      "content": {
        "parts": [
          {
            "function_call": {
              "name": "submit",
              "args": {}
            }
          }
        ],
        "role": "model"
      },
      "finish_reason": 1,
      "avg_logprobs": -0.14466813206672668,
      "safety_ratings": [],
      "token_count": 0,
      "grounding_attributions": []
    }
  ],
  "usage_metadata": {
    "prompt_token_count": 14004,
    "candidates_token_count": 1,
    "total_token_count": 14005,
    "cached_content_token_count": 0
  },
  "token_totals": {
    "prompt": 164211,
    "candidates": 7885,
    "total": 172096,
    "cached": 0
  },
  "timing": {
    "response_time": 1.236962,
    "total_elapsed": 98.861331,
    "response_times": [
      10.124915,
      10.066236,
      6.813974,
      13.437136,
      11.900271,
      10.039698,
      4.115403,
      3.442264,
      1.232413,
      6.164823,
      1.987408,
      4.828227,
      1.765466,
      5.43384,
      1.546022,
      3.275498,
      1.236962
    ]
  }
}