{
  "candidates": [
    {
      "content": {
        "parts": [
          {
            "function_call": {
              "name": "submit",
              "args": {}
            }
          }
        ],
        "role": "model"
      },
      "finish_reason": 1,
      "avg_logprobs": -0.3133997321128845,
      "safety_ratings": [],
      "token_count": 0,
      "grounding_attributions": []
    }
  ],
  "usage_metadata": {
    "prompt_token_count": 12305,
    "candidates_token_count": 1,
    "total_token_count": 12306,
    "cached_content_token_count": 0
  },
  "token_totals": {
    "prompt": 127230,
    "candidates": 6582,
    "total": 133812,
    "cached": 0
  },
  "timing": {
    "response_time": 1.634713,
    "total_elapsed": 80.672472,
    "response_times": [
      11.09407,
      13.513498,
      6.980116,
      7.483917,
      7.622444,
      7.159077,
      1.253208,
      3.906304,
      1.683886,
      3.194961,
      1.866981,
      4.418184,
      1.455965,
      6.169282,
      1.634713
    ]
  }
}