{
  "candidates": [
    {
      "content": {
        "parts": [
          {
            "function_call": {
              "name": "set_pixel",
              "args": {
                "color": 7.0,
                "column": 6.0,
                "row": 1.0
              }
            }
          }
        ],
        "role": "model"
      },
      "finish_reason": 1,
      "avg_logprobs": -0.017834180345137913,
      "safety_ratings": [],
      "token_count": 0,
      "grounding_attributions": []
    }
  ],
  "usage_metadata": {
    "prompt_token_count": 17189,
    "candidates_token_count": 6,
    "total_token_count": 17195,
    "cached_content_token_count": 0
  },
  "token_totals": {
    "prompt": 189544,
    "candidates": 11248,
    "total": 200792,
    "cached": 0
  },
  "timing": {
    "response_time": 2.122856,
    "total_elapsed": 137.417668,
    "response_times": [
      15.404118,
      18.401482,
      16.637563,
      12.278991,
      21.100284,
      1.542349,
      2.077048,
      4.459781,
      1.36321,
      7.708795,
      3.528877,
      1.310584,
      23.472759,
      3.942874,
      2.122856
    ]
  }
}