{
  "candidates": [
    {
      "content": {
        "parts": [
          {
            "function_call": {
              "name": "set_range",
              "args": {
                "row2": 0.0,
                "row1": 0.0,
                "column2": 6.0,
                "column1": 5.0,
                "color": 1.0
              }
            }
          }
        ],
        "role": "model"
      },
      "finish_reason": 1,
      "avg_logprobs": -0.024683224658171337,
      "safety_ratings": [],
      "token_count": 0,
      "grounding_attributions": []
    }
  ],
  "usage_metadata": {
    "prompt_token_count": 14570,
    "candidates_token_count": 12,
    "total_token_count": 14582,
    "cached_content_token_count": 0
  },
  "token_totals": {
    "prompt": 180471,
    "candidates": 8022,
    "total": 188493,
    "cached": 0
  },
  "timing": {
    "response_time": 1.867699,
    "total_elapsed": 100.445853,
    "response_times": [
      9.217753,
      7.288532,
      10.584616,
      9.024371,
      1.677425,
      7.209294,
      1.586848,
      7.579076,
      1.572355,
      7.907494,
      3.91937,
      4.222173,
      2.384863,
      8.003065,
      1.562062,
      6.566036,
      1.559051,
      5.230636,
      1.867699
    ]
  }
}