{
  "candidates": [
    {
      "content": {
        "parts": [
          {
            "function_call": {
              "name": "submit",
              "args": {}
            }
          }
        ],
        "role": "model"
      },
      "finish_reason": 1,
      "avg_logprobs": -0.6471433043479919,
      "safety_ratings": [],
      "token_count": 0,
      "grounding_attributions": []
    }
  ],
  "usage_metadata": {
    "prompt_token_count": 17254,
    "candidates_token_count": 1,
    "total_token_count": 17255,
    "cached_content_token_count": 0
  },
  "token_totals": {
    "prompt": 189715,
    "candidates": 11071,
    "total": 200786,
    "cached": 0
  },
  "timing": {
    "response_time": 2.081348,
    "total_elapsed": 129.935941,
    "response_times": [
      11.279248,
      36.160078,
      1.318101,
      13.032193,
      1.765891,
      1.963527,
      1.283343,
      9.660895,
      2.274208,
      7.683313,
      6.453568,
      9.932659,
      2.856815,
      9.223432,
      1.705195,
      9.757758,
      2.081348
    ]
  }
}