{
  "candidates": [
    {
      "content": {
        "parts": [
          {
            "function_call": {
              "name": "set_pixel",
              "args": {
                "color": 4.0,
                "column": 3.0,
                "row": 3.0
              }
            }
          }
        ],
        "role": "model"
      },
      "finish_reason": 1,
      "avg_logprobs": -0.046658759315808616,
      "safety_ratings": [],
      "token_count": 0,
      "grounding_attributions": []
    }
  ],
  "usage_metadata": {
    "prompt_token_count": 18760,
    "candidates_token_count": 6,
    "total_token_count": 18766,
    "cached_content_token_count": 0
  },
  "token_totals": {
    "prompt": 187573,
    "candidates": 11896,
    "total": 199469,
    "cached": 0
  },
  "timing": {
    "response_time": 1.666062,
    "total_elapsed": 132.460985,
    "response_times": [
      17.289999,
      19.036273,
      20.148022,
      15.552025,
      23.681715,
      1.663136,
      8.995339,
      1.959896,
      6.682845,
      3.277179,
      4.293232,
      1.756039,
      5.013812,
      1.666062
    ]
  }
}