{
  "candidates": [
    {
      "content": {
        "parts": [
          {
            "function_call": {
              "name": "set_pixel",
              "args": {
                "color": 7.0,
                "column": 6.0,
                "row": 2.0
              }
            }
          }
        ],
        "role": "model"
      },
      "finish_reason": 1,
      "avg_logprobs": -0.046430960297584534,
      "safety_ratings": [],
      "token_count": 0,
      "grounding_attributions": []
    }
  ],
  "usage_metadata": {
    "prompt_token_count": 19665,
    "candidates_token_count": 6,
    "total_token_count": 19671,
    "cached_content_token_count": 0
  },
  "token_totals": {
    "prompt": 226211,
    "candidates": 12311,
    "total": 238522,
    "cached": 0
  },
  "timing": {
    "response_time": 2.592746,
    "total_elapsed": 140.550078,
    "response_times": [
      17.289999,
      19.036273,
      20.148022,
      15.552025,
      23.681715,
      1.663136,
      8.995339,
      1.959896,
      6.682845,
      3.277179,
      4.293232,
      1.756039,
      5.013812,
      1.666062,
      5.301088,
      2.592746
    ]
  }
}