{
  "candidates": [
    {
      "content": {
        "parts": [
          {
            "function_call": {
              "name": "set_pixel",
              "args": {
                "color": 7.0,
                "column": 5.0,
                "row": 1.0
              }
            }
          }
        ],
        "role": "model"
      },
      "finish_reason": 1,
      "avg_logprobs": -0.21769702434539795,
      "safety_ratings": [],
      "token_count": 0,
      "grounding_attributions": []
    }
  ],
  "usage_metadata": {
    "prompt_token_count": 25161,
    "candidates_token_count": 6,
    "total_token_count": 25167,
    "cached_content_token_count": 0
  },
  "token_totals": {
    "prompt": 355916,
    "candidates": 16337,
    "total": 372253,
    "cached": 0
  },
  "timing": {
    "response_time": 3.553521,
    "total_elapsed": 186.42584,
    "response_times": [
      17.289999,
      19.036273,
      20.148022,
      15.552025,
      23.681715,
      1.663136,
      8.995339,
      1.959896,
      6.682845,
      3.277179,
      4.293232,
      1.756039,
      5.013812,
      1.666062,
      5.301088,
      2.592746,
      5.531447,
      2.053126,
      5.502061,
      1.944344,
      26.620541,
      3.553521
    ]
  }
}