{
  "candidates": [
    {
      "content": {
        "parts": [
          {
            "function_call": {
              "name": "set_range",
              "args": {
                "row2": 1.0,
                "color": 8.0,
                "column2": 3.0,
                "row1": 1.0,
                "column1": 1.0
              }
            }
          }
        ],
        "role": "model"
      },
      "finish_reason": 1,
      "avg_logprobs": -0.17835110425949097,
      "safety_ratings": [],
      "token_count": 0,
      "grounding_attributions": []
    }
  ],
  "usage_metadata": {
    "prompt_token_count": 21058,
    "candidates_token_count": 12,
    "total_token_count": 21070,
    "cached_content_token_count": 0
  },
  "token_totals": {
    "prompt": 193709,
    "candidates": 14035,
    "total": 207744,
    "cached": 0
  },
  "timing": {
    "response_time": 1.742189,
    "total_elapsed": 137.537618,
    "response_times": [
      10.080197,
      7.279316,
      56.596444,
      8.797487,
      11.202144,
      1.391734,
      5.05496,
      1.503517,
      7.742549,
      1.896505,
      10.113215,
      1.656301,
      11.113173,
      1.742189
    ]
  }
}