{
  "candidates": [
    {
      "content": {
        "parts": [
          {
            "function_call": {
              "name": "set_pixel",
              "args": {
                "color": 1.0,
                "column": 1.0,
                "row": 1.0
              }
            }
          }
        ],
        "role": "model"
      },
      "finish_reason": 1,
      "avg_logprobs": -0.17424949010213217,
      "safety_ratings": [],
      "token_count": 0,
      "grounding_attributions": []
    }
  ],
  "usage_metadata": {
    "prompt_token_count": 18671,
    "candidates_token_count": 6,
    "total_token_count": 18677,
    "cached_content_token_count": 0
  },
  "token_totals": {
    "prompt": 292089,
    "candidates": 10825,
    "total": 302914,
    "cached": 0
  },
  "timing": {
    "response_time": 1.944368,
    "total_elapsed": 132.37489,
    "response_times": [
      8.85559,
      10.593412,
      9.361886,
      15.906317,
      1.436698,
      6.269106,
      1.571101,
      7.179954,
      1.36268,
      6.466012,
      1.760342,
      6.585279,
      1.748914,
      6.358497,
      1.575011,
      6.887431,
      2.277487,
      6.453704,
      1.650913,
      6.976186,
      1.855528,
      6.944174,
      1.749811,
      6.446126,
      1.944368
    ]
  }
}