{
  "candidates": [
    {
      "content": {
        "parts": [
          {
            "function_call": {
              "name": "submit",
              "args": {}
            }
          }
        ],
        "role": "model"
      },
      "finish_reason": 1,
      "avg_logprobs": -0.42756620049476624,
      "safety_ratings": [],
      "token_count": 0,
      "grounding_attributions": []
    }
  ],
  "usage_metadata": {
    "prompt_token_count": 15590,
    "candidates_token_count": 1,
    "total_token_count": 15591,
    "cached_content_token_count": 0
  },
  "token_totals": {
    "prompt": 135663,
    "candidates": 10320,
    "total": 145983,
    "cached": 0
  },
  "timing": {
    "response_time": 1.528208,
    "total_elapsed": 103.997341,
    "response_times": [
      11.264992,
      11.216815,
      8.049087,
      13.430542,
      9.11887,
      1.435715,
      7.881351,
      1.978397,
      6.771725,
      1.63253,
      17.408425,
      1.43841,
      9.490373,
      1.528208
    ]
  }
}