{
  "candidates": [
    {
      "content": {
        "parts": [
          {
            "function_call": {
              "name": "submit",
              "args": {}
            }
          }
        ],
        "role": "model"
      },
      "finish_reason": 1,
      "avg_logprobs": -0.020381469279527664,
      "safety_ratings": [],
      "token_count": 0,
      "grounding_attributions": []
    }
  ],
  "usage_metadata": {
    "prompt_token_count": 21160,
    "candidates_token_count": 1,
    "total_token_count": 21161,
    "cached_content_token_count": 0
  },
  "token_totals": {
    "prompt": 253896,
    "candidates": 14943,
    "total": 268839,
    "cached": 0
  },
  "timing": {
    "response_time": 1.975501,
    "total_elapsed": 138.92796,
    "response_times": [
      16.68489,
      14.589413,
      12.48459,
      17.061433,
      12.854978,
      1.847093,
      9.234809,
      4.451993,
      1.613101,
      6.836953,
      7.556124,
      3.258823,
      10.478235,
      4.447381,
      2.000267,
      8.576979,
      1.975501
    ]
  }
}