{
  "candidates": [
    {
      "content": {
        "parts": [
          {
            "function_call": {
              "name": "set_pixel",
              "args": {
                "color": 1.0,
                "column": 5.0,
                "row": 0.0
              }
            }
          }
        ],
        "role": "model"
      },
      "finish_reason": 1,
      "avg_logprobs": -0.012011451025803884,
      "safety_ratings": [],
      "token_count": 0,
      "grounding_attributions": []
    }
  ],
  "usage_metadata": {
    "prompt_token_count": 15207,
    "candidates_token_count": 6,
    "total_token_count": 15213,
    "cached_content_token_count": 0
  },
  "token_totals": {
    "prompt": 150707,
    "candidates": 9498,
    "total": 160205,
    "cached": 0
  },
  "timing": {
    "response_time": 1.640726,
    "total_elapsed": 95.6002,
    "response_times": [
      10.523342,
      8.892836,
      21.24127,
      7.709011,
      1.445563,
      5.663807,
      1.670299,
      8.002778,
      1.569821,
      7.492845,
      1.564538,
      7.412382,
      1.85952,
      7.698725,
      1.640726
    ]
  }
}