{
  "candidates": [
    {
      "content": {
        "parts": [
          {
            "function_call": {
              "name": "set_pixel",
              "args": {
                "color": 4.0,
                "column": 3.0,
                "row": 3.0
              }
            }
          }
        ],
        "role": "model"
      },
      "finish_reason": 1,
      "avg_logprobs": -0.010660777489344278,
      "safety_ratings": [],
      "token_count": 0,
      "grounding_attributions": []
    }
  ],
  "usage_metadata": {
    "prompt_token_count": 15704,
    "candidates_token_count": 6,
    "total_token_count": 15710,
    "cached_content_token_count": 0
  },
  "token_totals": {
    "prompt": 213979,
    "candidates": 9077,
    "total": 223056,
    "cached": 0
  },
  "timing": {
    "response_time": 6.261035,
    "total_elapsed": 118.727578,
    "response_times": [
      13.087097,
      16.526314,
      9.366619,
      9.059413,
      12.238482,
      1.58363,
      2.714951,
      1.682515,
      4.367958,
      2.848425,
      5.337253,
      1.366057,
      4.932728,
      1.761329,
      6.356548,
      1.642567,
      5.844589,
      2.891692,
      7.177168,
      6.261035
    ]
  }
}