{
  "candidates": [
    {
      "content": {
        "parts": [
          {
            "function_call": {
              "name": "submit",
              "args": {}
            }
          }
        ],
        "role": "model"
      },
      "finish_reason": 1,
      "avg_logprobs": -0.3065692186355591,
      "safety_ratings": [],
      "token_count": 0,
      "grounding_attributions": []
    }
  ],
  "usage_metadata": {
    "prompt_token_count": 19845,
    "candidates_token_count": 1,
    "total_token_count": 19846,
    "cached_content_token_count": 0
  },
  "token_totals": {
    "prompt": 192579,
    "candidates": 13673,
    "total": 206252,
    "cached": 0
  },
  "timing": {
    "response_time": 1.618607,
    "total_elapsed": 124.715052,
    "response_times": [
      15.925645,
      18.257418,
      17.534798,
      13.847809,
      13.427078,
      1.759908,
      11.794261,
      3.982561,
      1.868291,
      7.753008,
      3.242355,
      1.839524,
      10.694075,
      1.618607
    ]
  }
}