{
  "candidates": [
    {
      "content": {
        "parts": [
          {
            "function_call": {
              "name": "set_range",
              "args": {
                "row2": 2.0,
                "color": 4.0,
                "column1": 0.0,
                "column2": 2.0,
                "row1": 0.0
              }
            }
          }
        ],
        "role": "model"
      },
      "finish_reason": 1,
      "avg_logprobs": -0.03217623382806778,
      "safety_ratings": [],
      "token_count": 0,
      "grounding_attributions": []
    }
  ],
  "usage_metadata": {
    "prompt_token_count": 13373,
    "candidates_token_count": 12,
    "total_token_count": 13385,
    "cached_content_token_count": 0
  },
  "token_totals": {
    "prompt": 136752,
    "candidates": 7618,
    "total": 144370,
    "cached": 0
  },
  "timing": {
    "response_time": 1.546022,
    "total_elapsed": 94.149957,
    "response_times": [
      10.124915,
      10.066236,
      6.813974,
      13.437136,
      11.900271,
      10.039698,
      4.115403,
      3.442264,
      1.232413,
      6.164823,
      1.987408,
      4.828227,
      1.765466,
      5.43384,
      1.546022
    ]
  }
}