{
  "candidates": [
    {
      "content": {
        "parts": [
          {
            "function_call": {
              "name": "set_pixel",
              "args": {
                "color": 7.0,
                "column": 2.0,
                "row": 7.0
              }
            }
          }
        ],
        "role": "model"
      },
      "finish_reason": 1,
      "avg_logprobs": -0.2779565254847209,
      "safety_ratings": [],
      "token_count": 0,
      "grounding_attributions": []
    }
  ],
  "usage_metadata": {
    "prompt_token_count": 15689,
    "candidates_token_count": 6,
    "total_token_count": 15695,
    "cached_content_token_count": 0
  },
  "token_totals": {
    "prompt": 190445,
    "candidates": 6899,
    "total": 197344,
    "cached": 0
  },
  "timing": {
    "response_time": 1.633192,
    "total_elapsed": 71.134504,
    "response_times": [
      3.761634,
      4.083136,
      3.777484,
      10.789874,
      10.834966,
      1.226079,
      2.076933,
      2.592897,
      1.340163,
      2.469583,
      2.192702,
      1.530907,
      12.496422,
      2.465367,
      1.430863,
      2.766653,
      2.393871,
      1.633192
    ]
  }
}