{
  "candidates": [
    {
      "content": {
        "parts": [
          {
            "function_call": {
              "name": "set_range",
              "args": {
                "row2": 2.0,
                "color": 9.0,
                "column2": 0.0,
                "row1": 0.0,
                "column1": 0.0
              }
            }
          }
        ],
        "role": "model"
      },
      "finish_reason": 1,
      "avg_logprobs": -0.0009618818294256926,
      "safety_ratings": [],
      "token_count": 0,
      "grounding_attributions": []
    }
  ],
  "usage_metadata": {
    "prompt_token_count": 12836,
    "candidates_token_count": 12,
    "total_token_count": 12848,
    "cached_content_token_count": 0
  },
  "token_totals": {
    "prompt": 176099,
    "candidates": 7461,
    "total": 183560,
    "cached": 0
  },
  "timing": {
    "response_time": 1.518631,
    "total_elapsed": 77.90614,
    "response_times": [
      9.423179,
      5.703271,
      5.779363,
      6.10276,
      9.547297,
      7.845414,
      1.638665,
      2.272203,
      1.734381,
      1.21469,
      5.207298,
      1.835185,
      1.601006,
      5.163073,
      1.9332,
      1.309915,
      4.532054,
      1.889943,
      1.518631
    ]
  }
}