{
  "candidates": [
    {
      "content": {
        "parts": [
          {
            "function_call": {
              "name": "set_pixel",
              "args": {
                "color": 1.0,
                "column": 5.0,
                "row": 0.0
              }
            }
          }
        ],
        "role": "model"
      },
      "finish_reason": 1,
      "avg_logprobs": -0.01941496506333351,
      "safety_ratings": [],
      "token_count": 0,
      "grounding_attributions": []
    }
  ],
  "usage_metadata": {
    "prompt_token_count": 14672,
    "candidates_token_count": 6,
    "total_token_count": 14678,
    "cached_content_token_count": 0
  },
  "token_totals": {
    "prompt": 139891,
    "candidates": 8959,
    "total": 148850,
    "cached": 0
  },
  "timing": {
    "response_time": 1.554449,
    "total_elapsed": 76.06886,
    "response_times": [
      9.332298,
      9.010256,
      5.68043,
      9.242806,
      1.147301,
      5.661802,
      1.26707,
      7.699731,
      1.256616,
      6.167626,
      1.175946,
      6.76066,
      1.559211,
      7.377189,
      1.554449
    ]
  }
}