{
  "candidates": [
    {
      "content": {
        "parts": [
          {
            "function_call": {
              "name": "set_pixel",
              "args": {
                "color": 3.0,
                "column": 4.0,
                "row": 4.0
              }
            }
          }
        ],
        "role": "model"
      },
      "finish_reason": 1,
      "avg_logprobs": -0.2815336386362712,
      "safety_ratings": [],
      "token_count": 0,
      "grounding_attributions": []
    }
  ],
  "usage_metadata": {
    "prompt_token_count": 12935,
    "candidates_token_count": 6,
    "total_token_count": 12941,
    "cached_content_token_count": 0
  },
  "token_totals": {
    "prompt": 127501,
    "candidates": 7420,
    "total": 134921,
    "cached": 0
  },
  "timing": {
    "response_time": 1.761329,
    "total_elapsed": 88.008111,
    "response_times": [
      13.087097,
      16.526314,
      9.366619,
      9.059413,
      12.238482,
      1.58363,
      2.714951,
      1.682515,
      4.367958,
      2.848425,
      5.337253,
      1.366057,
      4.932728,
      1.761329
    ]
  }
}