{
  "candidates": [
    {
      "content": {
        "parts": [
          {
            "function_call": {
              "name": "submit",
              "args": {}
            }
          }
        ],
        "role": "model"
      },
      "finish_reason": 1,
      "avg_logprobs": -0.23374402523040771,
      "safety_ratings": [],
      "token_count": 0,
      "grounding_attributions": []
    }
  ],
  "usage_metadata": {
    "prompt_token_count": 28284,
    "candidates_token_count": 1,
    "total_token_count": 28285,
    "cached_content_token_count": 0
  },
  "token_totals": {
    "prompt": 333084,
    "candidates": 20249,
    "total": 353333,
    "cached": 0
  },
  "timing": {
    "response_time": 1.978972,
    "total_elapsed": 233.489329,
    "response_times": [
      15.179892,
      16.132552,
      19.31749,
      21.721346,
      74.108902,
      1.79328,
      9.932632,
      1.844804,
      11.642714,
      2.005034,
      9.5499,
      6.220283,
      11.154296,
      2.406305,
      10.352128,
      2.543422,
      13.382354,
      1.978972
    ]
  }
}