{
  "candidates": [
    {
      "content": {
        "parts": [
          {
            "function_call": {
              "name": "set_range",
              "args": {
                "row2": 2.0,
                "color": 7.0,
                "column2": 1.0,
                "row1": 1.0,
                "column1": 0.0
              }
            }
          }
        ],
        "role": "model"
      },
      "finish_reason": 1,
      "avg_logprobs": -0.009770147502422333,
      "safety_ratings": [],
      "token_count": 0,
      "grounding_attributions": []
    }
  ],
  "usage_metadata": {
    "prompt_token_count": 16096,
    "candidates_token_count": 12,
    "total_token_count": 16108,
    "cached_content_token_count": 0
  },
  "token_totals": {
    "prompt": 180244,
    "candidates": 3994,
    "total": 184238,
    "cached": 0
  },
  "timing": {
    "response_time": 1.65681,
    "total_elapsed": 66.471715,
    "response_times": [
      4.505132,
      4.240593,
      3.524353,
      27.094658,
      2.38966,
      1.370193,
      3.396728,
      2.804574,
      1.631831,
      3.284002,
      2.285396,
      1.634511,
      3.282988,
      2.285717,
      1.65681
    ]
  }
}