{
  "candidates": [
    {
      "content": {
        "parts": [
          {
            "function_call": {
              "name": "set_range",
              "args": {
                "row2": 8.0,
                "color": 4.0,
                "column1": 1.0,
                "column2": 2.0,
                "row1": 7.0
              }
            }
          }
        ],
        "role": "model"
      },
      "finish_reason": 1,
      "avg_logprobs": -0.341378649075826,
      "safety_ratings": [],
      "token_count": 0,
      "grounding_attributions": []
    }
  ],
  "usage_metadata": {
    "prompt_token_count": 16840,
    "candidates_token_count": 12,
    "total_token_count": 16852,
    "cached_content_token_count": 0
  },
  "token_totals": {
    "prompt": 230275,
    "candidates": 4327,
    "total": 234602,
    "cached": 0
  },
  "timing": {
    "response_time": 1.737747,
    "total_elapsed": 73.924124,
    "response_times": [
      4.505132,
      4.240593,
      3.524353,
      27.094658,
      2.38966,
      1.370193,
      3.396728,
      2.804574,
      1.631831,
      3.284002,
      2.285396,
      1.634511,
      3.282988,
      2.285717,
      1.65681,
      3.052024,
      2.488897,
      1.737747
    ]
  }
}